4824996,小姐 你 的 熊掉 了 小姐 你 的 熊掉 了 小姐 你 的 熊掉 了 我 发现 我建 条目 上瘾 了,4,岁 的 主妇 当年 一人 在 北部 要塞 混乱 且 彪悍 的 拜师 生活 经历 以及 与其 老公 银 他 妈式 的 纯情 邂逅,条目 发现 小姐 上瘾
20433357,没劲 啊 没劲 现在 年 回过头来 竟然 发现 花千骨里 的 徐海 乔,2,电影 一生 有 你 讲述 了 沉迷于 文物 的 考古系 高材生 张 露白 在 机场 稀里糊涂 捡 到 了 台湾 寻亲 女孩 陆 念念 由于 不 知道 该 把 她 送到 哪 只好 带回家 留 她 暂住 与此同时 他 也 开始 帮助 陆 念念 一同 寻找 亲人 该片 由 徐 秀林 崔可法 两位 老戏骨 诠释 跨越 海峡 年 的 祖辈 爱情 新生代 演员 徐海 乔 刘殊 含 饰演 的 角色 则 是 在 阴差阳错 下 从 邂逅 到 相恋 串起 了 两位 老人 的 爱情故事,没劲 发现 花千骨 现在 回过头来 徐海
20433357,男女 猪脚 演技 还 可以 再假 一点 虽然 我 很萌 这种 剧情 的 电影 但是 实在 了 拍摄 效果 倒 还 可以,3,电影 一生 有 你 讲述 了 沉迷于 文物 的 考古系 高材生 张 露白 在 机场 稀里糊涂 捡 到 了 台湾 寻亲 女孩 陆 念念 由于 不 知道 该 把 她 送到 哪 只好 带回家 留 她 暂住 与此同时 他 也 开始 帮助 陆 念念 一同 寻找 亲人 该片 由 徐 秀林 崔可法 两位 老戏骨 诠释 跨越 海峡 年 的 祖辈 爱情 新生代 演员 徐海 乔 刘殊 含 饰演 的 角色 则 是 在 阴差阳错 下 从 邂逅 到 相恋 串起 了 两位 老人 的 爱情故事,猪脚 电影 效果 实在 拍摄 男女 演技 剧情
20433357,略萌 这种 小 清新 的 电影 但 就 电影 层面 而言 有些 差 了 台词 更 受不了 ..,2,电影 一生 有 你 讲述 了 沉迷于 文物 的 考古系 高材生 张 露白 在 机场 稀里糊涂 捡 到 了 台湾 寻亲 女孩 陆 念念 由于 不 知道 该 把 她 送到 哪 只好 带回家 留 她 暂住 与此同时 他 也 开始 帮助 陆 念念 一同 寻找 亲人 该片 由 徐 秀林 崔可法 两位 老戏骨 诠释 跨越 海峡 年 的 祖辈 爱情 新生代 演员 徐海 乔 刘殊 含 饰演 的 角色 则 是 在 阴差阳错 下 从 邂逅 到 相恋 串起 了 两位 老人 的 爱情故事,电影 层面 台词 受不了
20433357,那 生疼 的 大巴 归途 那 打发 时间 的 电影 再 无聊 的 电影 都 会 有 归处 因为 你 别无选择 感觉 像 话剧 的 电影 可惜 太 硬梆梆 了,2,电影 一生 有 你 讲述 了 沉迷于 文物 的 考古系 高材生 张 露白 在 机场 稀里糊涂 捡 到 了 台湾 寻亲 女孩 陆 念念 由于 不 知道 该 把 她 送到 哪 只好 带回家 留 她 暂住 与此同时 他 也 开始 帮助 陆 念念 一同 寻找 亲人 该片 由 徐 秀林 崔可法 两位 老戏骨 诠释 跨越 海峡 年 的 祖辈 爱情 新生代 演员 徐海 乔 刘殊 含 饰演 的 角色 则 是 在 阴差阳错 下 从 邂逅 到 相恋 串起 了 两位 老人 的 爱情故事,电影 大巴 归处 归途 别无选择 打发 感觉 时间 话剧 生疼 可惜
20433357,我 还是 觉得 叫许 垚 比较 有 气质 前半段 怎么 讲话 像 朗诵 呢 我 还是 喜欢 他 笑 的 样子 一如往昔,2,电影 一生 有 你 讲述 了 沉迷于 文物 的 考古系 高材生 张 露白 在 机场 稀里糊涂 捡 到 了 台湾 寻亲 女孩 陆 念念 由于 不 知道 该 把 她 送到 哪 只好 带回家 留 她 暂住 与此同时 他 也 开始 帮助 陆 念念 一同 寻找 亲人 该片 由 徐 秀林 崔可法 两位 老戏骨 诠释 跨越 海峡 年 的 祖辈 爱情 新生代 演员 徐海 乔 刘殊 含 饰演 的 角色 则 是 在 阴差阳错 下 从 邂逅 到 相恋 串起 了 两位 老人 的 爱情故事,前半段 样子 讲话 朗诵 喜欢 气质 一如往昔 觉得
20433357,跟 同 题材 的 电影 比 差 的 太远 我 看 的 过程 中 完全 入 不了 戏 剧情 对于 老人 经历 的 处理 比较 容易接受 四星 中一星 给 柳红 一星 给 中国 的 古典 诗词 一星 给 岁月 变迁 中 始终不变 的 爱情 一星 给 我们 河南 第一次 看到 以 新郑 为 背景 的 电影 故事 此种 题材 还是 偏爱 追爱 就是 因为 背景 是 新郑 才 会 看 的,4,电影 一生 有 你 讲述 了 沉迷于 文物 的 考古系 高材生 张 露白 在 机场 稀里糊涂 捡 到 了 台湾 寻亲 女孩 陆 念念 由于 不 知道 该 把 她 送到 哪 只好 带回家 留 她 暂住 与此同时 他 也 开始 帮助 陆 念念 一同 寻找 亲人 该片 由 徐 秀林 崔可法 两位 老戏骨 诠释 跨越 海峡 年 的 祖辈 爱情 新生代 演员 徐海 乔 刘殊 含 饰演 的 角色 则 是 在 阴差阳错 下 从 邂逅 到 相恋 串起 了 两位 老人 的 爱情故事,电影 背景 不了 经历 四星 老人 剧情 中一星 岁月 爱情 偏爱 题材 追爱
20433357,两星 给 露白 此时 的 徐海 乔 演技 应该 还 有些 青涩 小 清新 电影 拍 得 如此 平淡 剧情 毫无 惊喜 女主人 设 很 不 讨好 很作 很 无理取闹,2,电影 一生 有 你 讲述 了 沉迷于 文物 的 考古系 高材生 张 露白 在 机场 稀里糊涂 捡 到 了 台湾 寻亲 女孩 陆 念念 由于 不 知道 该 把 她 送到 哪 只好 带回家 留 她 暂住 与此同时 他 也 开始 帮助 陆 念念 一同 寻找 亲人 该片 由 徐 秀林 崔可法 两位 老戏骨 诠释 跨越 海峡 年 的 祖辈 爱情 新生代 演员 徐海 乔 刘殊 含 饰演 的 角色 则 是 在 阴差阳错 下 从 邂逅 到 相恋 串起 了 两位 老人 的 爱情故事,露白 演技 应该 电影 剧情 毫无 女主人 徐海 讨好 无理取闹
20433357,只 看前 五分钟 一个 占 小便宜 还 装傻 扮 受害者 的 女孩儿 真的 可以 当 纯爱 女主角 么 导演 你 脑子 没坏 吧,1,电影 一生 有 你 讲述 了 沉迷于 文物 的 考古系 高材生 张 露白 在 机场 稀里糊涂 捡 到 了 台湾 寻亲 女孩 陆 念念 由于 不 知道 该 把 她 送到 哪 只好 带回家 留 她 暂住 与此同时 他 也 开始 帮助 陆 念念 一同 寻找 亲人 该片 由 徐 秀林 崔可法 两位 老戏骨 诠释 跨越 海峡 年 的 祖辈 爱情 新生代 演员 徐海 乔 刘殊 含 饰演 的 角色 则 是 在 阴差阳错 下 从 邂逅 到 相恋 串起 了 两位 老人 的 爱情故事,受害者 导演 脑子 小便宜 装傻 女孩儿 女主角 没坏 看前
20433357,看到 分钟 就 猜中 了 之后 % 的 剧情 导演 没 文化 装 文艺 编剧 老套 脑残 剧情 弱智 狗血 男女 猪脚 做作 浮夸 又 一部 烂片 爱吐槽 的 小盆友 注意 本片 槽 点 非常 充实,1,电影 一生 有 你 讲述 了 沉迷于 文物 的 考古系 高材生 张 露白 在 机场 稀里糊涂 捡 到 了 台湾 寻亲 女孩 陆 念念 由于 不 知道 该 把 她 送到 哪 只好 带回家 留 她 暂住 与此同时 他 也 开始 帮助 陆 念念 一同 寻找 亲人 该片 由 徐 秀林 崔可法 两位 老戏骨 诠释 跨越 海峡 年 的 祖辈 爱情 新生代 演员 徐海 乔 刘殊 含 饰演 的 角色 则 是 在 阴差阳错 下 从 邂逅 到 相恋 串起 了 两位 老人 的 爱情故事,注意 老套 做作 编剧 猪脚 文艺 男女 狗血 文化 弱智 剧情 导演 烂片 盆友 本片
4824996,第一篇 还是 大河 剧 画风 第二篇 忽然 就 变成 了 少女 漫 和 师匠 比 起来 爱德 真是 弱 啊,5,岁 的 主妇 当年 一人 在 北部 要塞 混乱 且 彪悍 的 拜师 生活 经历 以及 与其 老公 银 他 妈式 的 纯情 邂逅,起来 变成 少女 大河 画风 师匠 爱德
4824996,彻底 坏掉 的 一集 片尾 还有 更 坏掉 的 彩蛋 片头 的 字幕 明显 是 恶搞 年代 的 老电影,4,岁 的 主妇 当年 一人 在 北部 要塞 混乱 且 彪悍 的 拜师 生活 经历 以及 与其 老公 银 他 妈式 的 纯情 邂逅,坏掉 彩蛋 年代 老电影 字幕
4824996,笑 死 了 把 熊过 肩 摔 的 女人 跟 举起 钢琴 的 女人 有 什么 本质 不同 么,5,岁 的 主妇 当年 一人 在 北部 要塞 混乱 且 彪悍 的 拜师 生活 经历 以及 与其 老公 银 他 妈式 的 纯情 邂逅,女人 熊过 钢琴 举起 本质
20433357,剧情 创意 很 好 但是 为 神马 拍 出来 的 就 那么 怪 呢,2,电影 一生 有 你 讲述 了 沉迷于 文物 的 考古系 高材生 张 露白 在 机场 稀里糊涂 捡 到 了 台湾 寻亲 女孩 陆 念念 由于 不 知道 该 把 她 送到 哪 只好 带回家 留 她 暂住 与此同时 他 也 开始 帮助 陆 念念 一同 寻找 亲人 该片 由 徐 秀林 崔可法 两位 老戏骨 诠释 跨越 海峡 年 的 祖辈 爱情 新生代 演员 徐海 乔 刘殊 含 饰演 的 角色 则 是 在 阴差阳错 下 从 邂逅 到 相恋 串起 了 两位 老人 的 爱情故事,出来 剧情 创意 神马
20433357,这片 我 不 懂 他们 是 经费 只有 块钱 还是 咋 的 还 借用 人家 大学 场地 完 了 还 不 给 人家 💰 还有 火车站 那 块 场地 后面 宾馆 几个 大字 俺 都 康得 清清楚楚 了 嗷 😃 人 设有 问题 女主刚 开片 是 个 欠 透 的 公主 病女 然后 这个 刚到 男主 家住 一天 第二天 早上 起床 就 会 和 气 的 说话 了 难道 男主 晚上 夜访 给 她 整 舒服 了 🍺 不痒 了 公主 病 就 好 了 还有 男主是 个 比 吴京 🐮 的 圣母 我 真的 没见 过 这个 等级 的 瞎子 女主 这么 丑 也 把 他 眼睛 吸 得 死死的 也许 是因为 丫了 还是 个 处 男 着急 透 🍺 🐎 破处 其实 👴 从 女主一 开始 找 爷爷 到 男主 奶奶 出场 那 块 我 就 知道 这 没 跑 了 这 老头 老太太 肯定 是 一家 的 男主透 了 半天 🍺 发现 炮友 是 自己 妹妹 ～ 相当于 以后 家里 还 能 有 个 稳定 的 输出 对象 了 呗 😡 实在 一言难尽 因为 俺 真的 找 不 出来 它 哪怕 一丁点 好 膝盖 都 跪 烂 了 分,1,电影 一生 有 你 讲述 了 沉迷于 文物 的 考古系 高材生 张 露白 在 机场 稀里糊涂 捡 到 了 台湾 寻亲 女孩 陆 念念 由于 不 知道 该 把 她 送到 哪 只好 带回家 留 她 暂住 与此同时 他 也 开始 帮助 陆 念念 一同 寻找 亲人 该片 由 徐 秀林 崔可法 两位 老戏骨 诠释 跨越 海峡 年 的 祖辈 爱情 新生代 演员 徐海 乔 刘殊 含 饰演 的 角色 则 是 在 阴差阳错 下 从 邂逅 到 相恋 串起 了 两位 老人 的 爱情故事,男主 公主 女主 经费 炮友 对象 妹妹 实在 起床 老太太 设有 老头 夜访 问题 吴京
20433357,那女 的 演技 实在 太差 了 男 的 还 算 养眼 可是 貌似 全称 就是 配音 的 啊 救命 啊 当初 以为 那 对 老人家 的 爱情 有 多 吸引 谁 不 知道 就是 两三句 话 就 概括 了 嘛 为啥 我会 看 这么 一出 东西 啊,1,电影 一生 有 你 讲述 了 沉迷于 文物 的 考古系 高材生 张 露白 在 机场 稀里糊涂 捡 到 了 台湾 寻亲 女孩 陆 念念 由于 不 知道 该 把 她 送到 哪 只好 带回家 留 她 暂住 与此同时 他 也 开始 帮助 陆 念念 一同 寻找 亲人 该片 由 徐 秀林 崔可法 两位 老戏骨 诠释 跨越 海峡 年 的 祖辈 爱情 新生代 演员 徐海 乔 刘殊 含 饰演 的 角色 则 是 在 阴差阳错 下 从 邂逅 到 相恋 串起 了 两位 老人 的 爱情故事,爱情 养眼 救命 貌似 配音 全称 演技 实在 概括 我会 老人家 吸引 当初 知道 东西
20433357,又 是 陪妈 看剧 系列 又 是 无力 吐槽 首先 我 真的 受不了 女主 的 声音 嗲得 让 人 恶心 这 口音 是 台湾 的 吗 她 叫 奶奶 的 声音 真的 又 奇怪 又 难听 而且 她 还 很 傻 逼 兮兮 地 随便 吃 野果 中毒 进 医院 现实 中真 有 这么 的 人 吗 路上 什么 不 知名 的 野果 都 能 随便 乱 吃 新吐槽 女主 时不时 来个 耶 说话 老是 加 一个 哦 看着 好 烦人,1,电影 一生 有 你 讲述 了 沉迷于 文物 的 考古系 高材生 张 露白 在 机场 稀里糊涂 捡 到 了 台湾 寻亲 女孩 陆 念念 由于 不 知道 该 把 她 送到 哪 只好 带回家 留 她 暂住 与此同时 他 也 开始 帮助 陆 念念 一同 寻找 亲人 该片 由 徐 秀林 崔可法 两位 老戏骨 诠释 跨越 海峡 年 的 祖辈 爱情 新生代 演员 徐海 乔 刘殊 含 饰演 的 角色 则 是 在 阴差阳错 下 从 邂逅 到 相恋 串起 了 两位 老人 的 爱情故事,野果 声音 女主 中毒 陪妈 看剧 无力 奇怪 难听 说话 医院 现实 台湾 口音 奶奶
20433357,这 女主角 一 开口 我 就 凌乱 了 狗血 琼瑶 剧 题材 类似 的 孔雀 眼 感觉 要 拍 得 自然 很多 我要 尤小刚,1,电影 一生 有 你 讲述 了 沉迷于 文物 的 考古系 高材生 张 露白 在 机场 稀里糊涂 捡 到 了 台湾 寻亲 女孩 陆 念念 由于 不 知道 该 把 她 送到 哪 只好 带回家 留 她 暂住 与此同时 他 也 开始 帮助 陆 念念 一同 寻找 亲人 该片 由 徐 秀林 崔可法 两位 老戏骨 诠释 跨越 海峡 年 的 祖辈 爱情 新生代 演员 徐海 乔 刘殊 含 饰演 的 角色 则 是 在 阴差阳错 下 从 邂逅 到 相恋 串起 了 两位 老人 的 爱情故事,琼瑶 感觉 题材 孔雀 类似 女主角 开口 狗血
20433357,小 清新 故事 可以 对白 不行 演技 也 一般 没有 高低 起伏 看 完心 如 死水 感觉 原来 我 也 是 可以 去 做 电影 _ 开个 玩笑,2,电影 一生 有 你 讲述 了 沉迷于 文物 的 考古系 高材生 张 露白 在 机场 稀里糊涂 捡 到 了 台湾 寻亲 女孩 陆 念念 由于 不 知道 该 把 她 送到 哪 只好 带回家 留 她 暂住 与此同时 他 也 开始 帮助 陆 念念 一同 寻找 亲人 该片 由 徐 秀林 崔可法 两位 老戏骨 诠释 跨越 海峡 年 的 祖辈 爱情 新生代 演员 徐海 乔 刘殊 含 饰演 的 角色 则 是 在 阴差阳错 下 从 邂逅 到 相恋 串起 了 两位 老人 的 爱情故事,对白 演技 不行 电影 起伏 死水 感觉 故事 没有 玩笑
20433357,这种 电影 实在 无法 看 下去 了 那 对白 简直 就是 在 背书 男主住 那么 大 的 房子 却 骑个 小 摩托 让 屌丝 们 情 何以堪 女主 却 像 个 傻 逼 在 山上 乱 吃 野果 中毒 看 了 半小时 果断 看不下去 了,2,电影 一生 有 你 讲述 了 沉迷于 文物 的 考古系 高材生 张 露白 在 机场 稀里糊涂 捡 到 了 台湾 寻亲 女孩 陆 念念 由于 不 知道 该 把 她 送到 哪 只好 带回家 留 她 暂住 与此同时 他 也 开始 帮助 陆 念念 一同 寻找 亲人 该片 由 徐 秀林 崔可法 两位 老戏骨 诠释 跨越 海峡 年 的 祖辈 爱情 新生代 演员 徐海 乔 刘殊 含 饰演 的 角色 则 是 在 阴差阳错 下 从 邂逅 到 相恋 串起 了 两位 老人 的 爱情故事,男主 何以堪 实在 野果 下去 无法 中毒 背书 屌丝 女主 电影 对白 房子 看不下去
20433357,徐海 乔 的 演技 很 好 人设 也 很 苏 对 女主 比较 崩溃 又 作 又 矫情 电影 立意 还好 就是 剧情 太 简单,3,电影 一生 有 你 讲述 了 沉迷于 文物 的 考古系 高材生 张 露白 在 机场 稀里糊涂 捡 到 了 台湾 寻亲 女孩 陆 念念 由于 不 知道 该 把 她 送到 哪 只好 带回家 留 她 暂住 与此同时 他 也 开始 帮助 陆 念念 一同 寻找 亲人 该片 由 徐 秀林 崔可法 两位 老戏骨 诠释 跨越 海峡 年 的 祖辈 爱情 新生代 演员 徐海 乔 刘殊 含 饰演 的 角色 则 是 在 阴差阳错 下 从 邂逅 到 相恋 串起 了 两位 老人 的 爱情故事,女主 崩溃 还好 剧情 徐海 演技 电影
